<?xml version="1.0" encoding="UTF-8"?>
<feed xmlns="http://www.w3.org/2005/Atom">
  <id>info:fedora/authority-person:11685</id>
  <title type="text">Authority Person Record</title>
  <updated>2018-02-13T13:24:20.094Z</updated>
  <author>
    <name>fedoraAdmin</name>
  </author>
  <category term="Active" scheme="info:fedora/fedora-system:def/model#state"></category>
  <category term="2016-09-02T10:59:47.320Z" scheme="info:fedora/fedora-system:def/model#createdDate"></category>
  <icon>http://www.fedora-commons.org/images/logo_vertical_transparent_200_251.png</icon>
  <entry>
    <id>info:fedora/authority-person:11685/DC</id>
    <title type="text">DC</title>
    <updated>2013-04-08T09:15:38.534Z</updated>
    <link href="info:fedora/authority-person:11685/DC/2013-04-08T09:15:38.534Z" rel="alternate"></link>
    <category term="A" scheme="info:fedora/fedora-system:def/model#state"></category>
    <category term="X" scheme="info:fedora/fedora-system:def/model#controlGroup"></category>
    <category term="true" scheme="info:fedora/fedora-system:def/model#versionable"></category>
  </entry>
  <entry xmlns:thr="http://purl.org/syndication/thread/1.0">
    <id>info:fedora/authority-person:11685/DC/2013-04-08T09:15:38.534Z</id>
    <title type="text">DC1.0</title>
    <updated>2013-04-08T09:15:38.534Z</updated>
    <thr:in-reply-to ref="info:fedora/authority-person:11685/DC"></thr:in-reply-to>
    <category term="http://www.openarchives.org/OAI/2.0/oai_dc/" scheme="info:fedora/fedora-system:def/model#formatURI"></category>
    <category term="Dublin Core Record for this object" scheme="info:fedora/fedora-system:def/model#label"></category>
    <category term="390" scheme="info:fedora/fedora-system:def/model#length"></category>
    <summary type="text">DC1.0</summary>
    <content type="text/xml" src="DC1.0.xml"></content>
  </entry>
  <entry>
    <id>info:fedora/authority-person:11685/METADATA</id>
    <title type="text">METADATA</title>
    <updated>2018-02-13T13:24:13.655Z</updated>
    <link href="info:fedora/authority-person:11685/METADATA/2018-02-13T13:24:13.655Z" rel="alternate"></link>
    <category term="A" scheme="info:fedora/fedora-system:def/model#state"></category>
    <category term="M" scheme="info:fedora/fedora-system:def/model#controlGroup"></category>
    <category term="true" scheme="info:fedora/fedora-system:def/model#versionable"></category>
  </entry>
  <entry xmlns:thr="http://purl.org/syndication/thread/1.0">
    <id>info:fedora/authority-person:11685/METADATA/2018-02-13T13:24:13.655Z</id>
    <title type="text">METADATA.1</title>
    <updated>2018-02-13T13:24:13.655Z</updated>
    <thr:in-reply-to ref="info:fedora/authority-person:11685/METADATA"></thr:in-reply-to>
    <category term="XML metadata" scheme="info:fedora/fedora-system:def/model#label"></category>
    <category term="SHA-512" scheme="info:fedora/fedora-system:def/model#digestType"></category>
    <category term="bc2bc12136956fc526fa30cddddf6490828ff65e3d9a8a3735f5df48acb1be4a7c2be1a7355e239a99d659425523ae6230c01361e730cd1ed7040919b1ba94a2" scheme="info:fedora/fedora-system:def/model#digest"></category>
    <category term="32743" scheme="info:fedora/fedora-system:def/model#length"></category>
    <summary type="text">METADATA.1</summary>
    <content type="text/xml" src="METADATA.1.xml"></content>
  </entry>
  <entry>
    <id>info:fedora/authority-person:11685/AUDIT</id>
    <title type="text">AUDIT</title>
    <updated>2016-09-02T10:59:47.320Z</updated>
    <category term="A" scheme="info:fedora/fedora-system:def/model#state"></category>
    <category term="X" scheme="info:fedora/fedora-system:def/model#controlGroup"></category>
    <category term="false" scheme="info:fedora/fedora-system:def/model#versionable"></category>
    <link href="info:fedora/authority-person:11685/AUDIT/2016-09-02T10:59:47.320Z" rel="alternate"></link>
  </entry>
  <entry xmlns:thr="http://purl.org/syndication/thread/1.0">
    <id>info:fedora/authority-person:11685/AUDIT/2016-09-02T10:59:47.320Z</id>
    <title type="text">AUDIT.0</title>
    <updated>2016-09-02T10:59:47.320Z</updated>
    <thr:in-reply-to ref="info:fedora/authority-person:11685/AUDIT"></thr:in-reply-to>
    <category term="info:fedora/fedora-system:format/xml.fedora.audit" scheme="info:fedora/fedora-system:def/model#formatURI"></category>
    <category term="Audit Trail for this object" scheme="info:fedora/fedora-system:def/model#label"></category>
    <summary type="text">AUDIT.0</summary>
    <content type="text/xml" src="AUDIT.0.xml"></content>
  </entry>
</feed>