<audit:auditTrail xmlns:audit="info:fedora/fedora-system:def/audit#">
<audit:record ID="AUDREC1">
<audit:process type="Fedora API-M"/>
<audit:action>ingest</audit:action>
<audit:componentID></audit:componentID>
<audit:responsibility>fedoraAdmin</audit:responsibility>
<audit:date>2016-09-02T10:59:47.320Z</audit:date>
<audit:justification>Created object for Ericsson, Urban</audit:justification>
</audit:record>
<audit:record ID="AUDREC2">
<audit:process type="Fedora API-M"/>
<audit:action>addDatastream</audit:action>
<audit:componentID>METADATA</audit:componentID>
<audit:responsibility>fedoraAdmin</audit:responsibility>
<audit:date>2016-09-02T10:59:47.420Z</audit:date>
<audit:justification>Added datastream METADATA</audit:justification>
</audit:record>
<audit:record ID="AUDREC3">
<audit:process type="Fedora API-M"/>
<audit:action>modifyDatastreamByReference</audit:action>
<audit:componentID>METADATA</audit:componentID>
<audit:responsibility>fedoraAdmin</audit:responsibility>
<audit:date>2016-09-02T11:38:24.119Z</audit:date>
<audit:justification>Added datastream METADATA</audit:justification>
</audit:record>
<audit:record ID="AUDREC4">
<audit:process type="Fedora API-M"/>
<audit:action>modifyDatastreamByReference</audit:action>
<audit:componentID>METADATA</audit:componentID>
<audit:responsibility>fedoraAdmin</audit:responsibility>
<audit:date>2016-09-02T11:40:10.323Z</audit:date>
<audit:justification>Added datastream METADATA</audit:justification>
</audit:record>
<audit:record ID="AUDREC5">
<audit:process type="Fedora API-M"/>
<audit:action>modifyDatastreamByReference</audit:action>
<audit:componentID>METADATA</audit:componentID>
<audit:responsibility>fedoraAdmin</audit:responsibility>
<audit:date>2016-09-13T12:35:28.943Z</audit:date>
<audit:justification>Added datastream METADATA</audit:justification>
</audit:record>
<audit:record ID="AUDREC6">
<audit:process type="Fedora API-M"/>
<audit:action>modifyDatastreamByReference</audit:action>
<audit:componentID>METADATA</audit:componentID>
<audit:responsibility>fedoraAdmin</audit:responsibility>
<audit:date>2016-09-13T12:35:57.938Z</audit:date>
<audit:justification>Added datastream METADATA</audit:justification>
</audit:record>
<audit:record ID="AUDREC7">
<audit:process type="Fedora API-M"/>
<audit:action>modifyDatastreamByReference</audit:action>
<audit:componentID>METADATA</audit:componentID>
<audit:responsibility>fedoraAdmin</audit:responsibility>
<audit:date>2016-09-13T13:33:32.803Z</audit:date>
<audit:justification>Added datastream METADATA</audit:justification>
</audit:record>
<audit:record ID="AUDREC8">
<audit:process type="Fedora API-M"/>
<audit:action>modifyDatastreamByReference</audit:action>
<audit:componentID>METADATA</audit:componentID>
<audit:responsibility>fedoraAdmin</audit:responsibility>
<audit:date>2016-09-13T13:33:53.291Z</audit:date>
<audit:justification>Added datastream METADATA</audit:justification>
</audit:record>
<audit:record ID="AUDREC9">
<audit:process type="Fedora API-M"/>
<audit:action>modifyDatastreamByReference</audit:action>
<audit:componentID>METADATA</audit:componentID>
<audit:responsibility>fedoraAdmin</audit:responsibility>
<audit:date>2016-11-08T15:25:50.478Z</audit:date>
<audit:justification>Added datastream METADATA</audit:justification>
</audit:record>
<audit:record ID="AUDREC10">
<audit:process type="Fedora API-M"/>
<audit:action>modifyDatastreamByReference</audit:action>
<audit:componentID>METADATA</audit:componentID>
<audit:responsibility>fedoraAdmin</audit:responsibility>
<audit:date>2016-11-08T15:26:00.678Z</audit:date>
<audit:justification>Added datastream METADATA</audit:justification>
</audit:record>
<audit:record ID="AUDREC11">
<audit:process type="Fedora API-M"/>
<audit:action>modifyDatastreamByReference</audit:action>
<audit:componentID>METADATA</audit:componentID>
<audit:responsibility>fedoraAdmin</audit:responsibility>
<audit:date>2017-01-09T08:12:47.206Z</audit:date>
<audit:justification>Added datastream METADATA</audit:justification>
</audit:record>
<audit:record ID="AUDREC12">
<audit:process type="Fedora API-M"/>
<audit:action>modifyDatastreamByReference</audit:action>
<audit:componentID>METADATA</audit:componentID>
<audit:responsibility>fedoraAdmin</audit:responsibility>
<audit:date>2017-01-09T08:12:57.426Z</audit:date>
<audit:justification>Added datastream METADATA</audit:justification>
</audit:record>
<audit:record ID="AUDREC13">
<audit:process type="Fedora API-M"/>
<audit:action>modifyDatastreamByReference</audit:action>
<audit:componentID>METADATA</audit:componentID>
<audit:responsibility>fedoraAdmin</audit:responsibility>
<audit:date>2017-01-09T08:14:12.574Z</audit:date>
<audit:justification>Added datastream METADATA</audit:justification>
</audit:record>
<audit:record ID="AUDREC14">
<audit:process type="Fedora API-M"/>
<audit:action>modifyDatastreamByReference</audit:action>
<audit:componentID>METADATA</audit:componentID>
<audit:responsibility>fedoraAdmin</audit:responsibility>
<audit:date>2017-01-09T08:45:45.734Z</audit:date>
<audit:justification>Added datastream METADATA</audit:justification>
</audit:record>
<audit:record ID="AUDREC15">
<audit:process type="Fedora API-M"/>
<audit:action>modifyDatastreamByReference</audit:action>
<audit:componentID>METADATA</audit:componentID>
<audit:responsibility>fedoraAdmin</audit:responsibility>
<audit:date>2017-01-09T09:09:40.690Z</audit:date>
<audit:justification>Added datastream METADATA</audit:justification>
</audit:record>
<audit:record ID="AUDREC16">
<audit:process type="Fedora API-M"/>
<audit:action>modifyDatastreamByReference</audit:action>
<audit:componentID>METADATA</audit:componentID>
<audit:responsibility>fedoraAdmin</audit:responsibility>
<audit:date>2017-01-11T15:13:00.848Z</audit:date>
<audit:justification>Added datastream METADATA</audit:justification>
</audit:record>
<audit:record ID="AUDREC17">
<audit:process type="Fedora API-M"/>
<audit:action>modifyDatastreamByReference</audit:action>
<audit:componentID>METADATA</audit:componentID>
<audit:responsibility>fedoraAdmin</audit:responsibility>
<audit:date>2017-01-11T15:13:09.360Z</audit:date>
<audit:justification>Added datastream METADATA</audit:justification>
</audit:record>
<audit:record ID="AUDREC18">
<audit:process type="Fedora API-M"/>
<audit:action>modifyDatastreamByReference</audit:action>
<audit:componentID>METADATA</audit:componentID>
<audit:responsibility>fedoraAdmin</audit:responsibility>
<audit:date>2017-01-11T15:13:21.116Z</audit:date>
<audit:justification>Added datastream METADATA</audit:justification>
</audit:record>
<audit:record ID="AUDREC19">
<audit:process type="Fedora API-M"/>
<audit:action>modifyDatastreamByReference</audit:action>
<audit:componentID>METADATA</audit:componentID>
<audit:responsibility>fedoraAdmin</audit:responsibility>
<audit:date>2017-01-11T15:13:46.272Z</audit:date>
<audit:justification>Added datastream METADATA</audit:justification>
</audit:record>
<audit:record ID="AUDREC20">
<audit:process type="Fedora API-M"/>
<audit:action>modifyDatastreamByReference</audit:action>
<audit:componentID>METADATA</audit:componentID>
<audit:responsibility>fedoraAdmin</audit:responsibility>
<audit:date>2017-01-11T15:13:57.820Z</audit:date>
<audit:justification>Added datastream METADATA</audit:justification>
</audit:record>
<audit:record ID="AUDREC21">
<audit:process type="Fedora API-M"/>
<audit:action>modifyDatastreamByReference</audit:action>
<audit:componentID>METADATA</audit:componentID>
<audit:responsibility>fedoraAdmin</audit:responsibility>
<audit:date>2017-01-11T15:17:18.088Z</audit:date>
<audit:justification>Added datastream METADATA</audit:justification>
</audit:record>
<audit:record ID="AUDREC22">
<audit:process type="Fedora API-M"/>
<audit:action>modifyDatastreamByReference</audit:action>
<audit:componentID>METADATA</audit:componentID>
<audit:responsibility>fedoraAdmin</audit:responsibility>
<audit:date>2017-01-11T15:17:39.940Z</audit:date>
<audit:justification>Added datastream METADATA</audit:justification>
</audit:record>
<audit:record ID="AUDREC23">
<audit:process type="Fedora API-M"/>
<audit:action>modifyDatastreamByReference</audit:action>
<audit:componentID>METADATA</audit:componentID>
<audit:responsibility>fedoraAdmin</audit:responsibility>
<audit:date>2017-01-11T15:17:56.352Z</audit:date>
<audit:justification>Added datastream METADATA</audit:justification>
</audit:record>
<audit:record ID="AUDREC24">
<audit:process type="Fedora API-M"/>
<audit:action>modifyDatastreamByReference</audit:action>
<audit:componentID>METADATA</audit:componentID>
<audit:responsibility>fedoraAdmin</audit:responsibility>
<audit:date>2017-01-11T15:17:59.304Z</audit:date>
<audit:justification>Added datastream METADATA</audit:justification>
</audit:record>
<audit:record ID="AUDREC25">
<audit:process type="Fedora API-M"/>
<audit:action>modifyDatastreamByReference</audit:action>
<audit:componentID>METADATA</audit:componentID>
<audit:responsibility>fedoraAdmin</audit:responsibility>
<audit:date>2017-01-11T15:24:18.544Z</audit:date>
<audit:justification>Added datastream METADATA</audit:justification>
</audit:record>
<audit:record ID="AUDREC26">
<audit:process type="Fedora API-M"/>
<audit:action>modifyDatastreamByReference</audit:action>
<audit:componentID>METADATA</audit:componentID>
<audit:responsibility>fedoraAdmin</audit:responsibility>
<audit:date>2017-01-11T15:24:48.340Z</audit:date>
<audit:justification>Added datastream METADATA</audit:justification>
</audit:record>
<audit:record ID="AUDREC27">
<audit:process type="Fedora API-M"/>
<audit:action>modifyDatastreamByReference</audit:action>
<audit:componentID>METADATA</audit:componentID>
<audit:responsibility>fedoraAdmin</audit:responsibility>
<audit:date>2017-01-13T08:08:57.180Z</audit:date>
<audit:justification>Added datastream METADATA</audit:justification>
</audit:record>
<audit:record ID="AUDREC28">
<audit:process type="Fedora API-M"/>
<audit:action>modifyDatastreamByReference</audit:action>
<audit:componentID>METADATA</audit:componentID>
<audit:responsibility>fedoraAdmin</audit:responsibility>
<audit:date>2017-01-13T08:09:15.792Z</audit:date>
<audit:justification>Added datastream METADATA</audit:justification>
</audit:record>
<audit:record ID="AUDREC29">
<audit:process type="Fedora API-M"/>
<audit:action>modifyDatastreamByReference</audit:action>
<audit:componentID>METADATA</audit:componentID>
<audit:responsibility>fedoraAdmin</audit:responsibility>
<audit:date>2017-01-13T08:09:49.092Z</audit:date>
<audit:justification>Added datastream METADATA</audit:justification>
</audit:record>
<audit:record ID="AUDREC30">
<audit:process type="Fedora API-M"/>
<audit:action>modifyDatastreamByReference</audit:action>
<audit:componentID>METADATA</audit:componentID>
<audit:responsibility>fedoraAdmin</audit:responsibility>
<audit:date>2017-01-13T13:19:36.524Z</audit:date>
<audit:justification>Added datastream METADATA</audit:justification>
</audit:record>
<audit:record ID="AUDREC31">
<audit:process type="Fedora API-M"/>
<audit:action>modifyDatastreamByReference</audit:action>
<audit:componentID>METADATA</audit:componentID>
<audit:responsibility>fedoraAdmin</audit:responsibility>
<audit:date>2017-01-25T08:18:04.004Z</audit:date>
<audit:justification>Added datastream METADATA</audit:justification>
</audit:record>
<audit:record ID="AUDREC32">
<audit:process type="Fedora API-M"/>
<audit:action>modifyDatastreamByReference</audit:action>
<audit:componentID>METADATA</audit:componentID>
<audit:responsibility>fedoraAdmin</audit:responsibility>
<audit:date>2017-01-25T08:19:17.524Z</audit:date>
<audit:justification>Added datastream METADATA</audit:justification>
</audit:record>
<audit:record ID="AUDREC33">
<audit:process type="Fedora API-M"/>
<audit:action>modifyDatastreamByReference</audit:action>
<audit:componentID>METADATA</audit:componentID>
<audit:responsibility>fedoraAdmin</audit:responsibility>
<audit:date>2017-02-06T09:41:54.960Z</audit:date>
<audit:justification>Added datastream METADATA</audit:justification>
</audit:record>
<audit:record ID="AUDREC34">
<audit:process type="Fedora API-M"/>
<audit:action>modifyDatastreamByReference</audit:action>
<audit:componentID>METADATA</audit:componentID>
<audit:responsibility>fedoraAdmin</audit:responsibility>
<audit:date>2017-04-03T13:30:07.428Z</audit:date>
<audit:justification>Added datastream METADATA</audit:justification>
</audit:record>
<audit:record ID="AUDREC35">
<audit:process type="Fedora API-M"/>
<audit:action>modifyDatastreamByReference</audit:action>
<audit:componentID>METADATA</audit:componentID>
<audit:responsibility>fedoraAdmin</audit:responsibility>
<audit:date>2017-04-04T07:34:17.540Z</audit:date>
<audit:justification>Added datastream METADATA</audit:justification>
</audit:record>
<audit:record ID="AUDREC36">
<audit:process type="Fedora API-M"/>
<audit:action>modifyDatastreamByReference</audit:action>
<audit:componentID>METADATA</audit:componentID>
<audit:responsibility>fedoraAdmin</audit:responsibility>
<audit:date>2017-04-06T14:28:19.908Z</audit:date>
<audit:justification>Added datastream METADATA</audit:justification>
</audit:record>
<audit:record ID="AUDREC37">
<audit:process type="Fedora API-M"/>
<audit:action>modifyDatastreamByReference</audit:action>
<audit:componentID>METADATA</audit:componentID>
<audit:responsibility>fedoraAdmin</audit:responsibility>
<audit:date>2017-04-06T14:28:28.988Z</audit:date>
<audit:justification>Added datastream METADATA</audit:justification>
</audit:record>
<audit:record ID="AUDREC38">
<audit:process type="Fedora API-M"/>
<audit:action>modifyDatastreamByReference</audit:action>
<audit:componentID>METADATA</audit:componentID>
<audit:responsibility>fedoraAdmin</audit:responsibility>
<audit:date>2017-04-07T08:46:19.716Z</audit:date>
<audit:justification>Added datastream METADATA</audit:justification>
</audit:record>
<audit:record ID="AUDREC39">
<audit:process type="Fedora API-M"/>
<audit:action>modifyDatastreamByReference</audit:action>
<audit:componentID>METADATA</audit:componentID>
<audit:responsibility>fedoraAdmin</audit:responsibility>
<audit:date>2017-04-12T11:36:53.912Z</audit:date>
<audit:justification>Added datastream METADATA</audit:justification>
</audit:record>
<audit:record ID="AUDREC40">
<audit:process type="Fedora API-M"/>
<audit:action>modifyDatastreamByReference</audit:action>
<audit:componentID>METADATA</audit:componentID>
<audit:responsibility>fedoraAdmin</audit:responsibility>
<audit:date>2017-04-12T14:46:45.680Z</audit:date>
<audit:justification>Added datastream METADATA</audit:justification>
</audit:record>
<audit:record ID="AUDREC41">
<audit:process type="Fedora API-M"/>
<audit:action>modifyDatastreamByReference</audit:action>
<audit:componentID>METADATA</audit:componentID>
<audit:responsibility>fedoraAdmin</audit:responsibility>
<audit:date>2017-05-03T14:49:48.700Z</audit:date>
<audit:justification>Added datastream METADATA</audit:justification>
</audit:record>
<audit:record ID="AUDREC42">
<audit:process type="Fedora API-M"/>
<audit:action>modifyDatastreamByReference</audit:action>
<audit:componentID>METADATA</audit:componentID>
<audit:responsibility>fedoraAdmin</audit:responsibility>
<audit:date>2017-05-09T14:10:09.148Z</audit:date>
<audit:justification>Added datastream METADATA</audit:justification>
</audit:record>
<audit:record ID="AUDREC43">
<audit:process type="Fedora API-M"/>
<audit:action>modifyDatastreamByReference</audit:action>
<audit:componentID>METADATA</audit:componentID>
<audit:responsibility>fedoraAdmin</audit:responsibility>
<audit:date>2017-05-09T14:16:48.148Z</audit:date>
<audit:justification>Added datastream METADATA</audit:justification>
</audit:record>
<audit:record ID="AUDREC44">
<audit:process type="Fedora API-M"/>
<audit:action>modifyDatastreamByReference</audit:action>
<audit:componentID>METADATA</audit:componentID>
<audit:responsibility>fedoraAdmin</audit:responsibility>
<audit:date>2017-05-09T14:21:49.156Z</audit:date>
<audit:justification>Added datastream METADATA</audit:justification>
</audit:record>
<audit:record ID="AUDREC45">
<audit:process type="Fedora API-M"/>
<audit:action>modifyDatastreamByReference</audit:action>
<audit:componentID>METADATA</audit:componentID>
<audit:responsibility>fedoraAdmin</audit:responsibility>
<audit:date>2017-07-05T08:30:56.964Z</audit:date>
<audit:justification>Added datastream METADATA</audit:justification>
</audit:record>
<audit:record ID="AUDREC46">
<audit:process type="Fedora API-M"/>
<audit:action>modifyDatastreamByReference</audit:action>
<audit:componentID>METADATA</audit:componentID>
<audit:responsibility>fedoraAdmin</audit:responsibility>
<audit:date>2017-07-07T07:52:27.288Z</audit:date>
<audit:justification>Added datastream METADATA</audit:justification>
</audit:record>
<audit:record ID="AUDREC47">
<audit:process type="Fedora API-M"/>
<audit:action>modifyDatastreamByReference</audit:action>
<audit:componentID>METADATA</audit:componentID>
<audit:responsibility>fedoraAdmin</audit:responsibility>
<audit:date>2017-07-10T11:27:54.844Z</audit:date>
<audit:justification>Added datastream METADATA</audit:justification>
</audit:record>
<audit:record ID="AUDREC48">
<audit:process type="Fedora API-M"/>
<audit:action>modifyDatastreamByReference</audit:action>
<audit:componentID>METADATA</audit:componentID>
<audit:responsibility>fedoraAdmin</audit:responsibility>
<audit:date>2017-07-10T16:23:13.932Z</audit:date>
<audit:justification>Added datastream METADATA</audit:justification>
</audit:record>
<audit:record ID="AUDREC49">
<audit:process type="Fedora API-M"/>
<audit:action>modifyDatastreamByReference</audit:action>
<audit:componentID>METADATA</audit:componentID>
<audit:responsibility>fedoraAdmin</audit:responsibility>
<audit:date>2017-08-22T08:37:52.704Z</audit:date>
<audit:justification>Added datastream METADATA</audit:justification>
</audit:record>
<audit:record ID="AUDREC50">
<audit:process type="Fedora API-M"/>
<audit:action>modifyDatastreamByReference</audit:action>
<audit:componentID>METADATA</audit:componentID>
<audit:responsibility>fedoraAdmin</audit:responsibility>
<audit:date>2017-09-06T11:34:16.648Z</audit:date>
<audit:justification>Added datastream METADATA</audit:justification>
</audit:record>
<audit:record ID="AUDREC51">
<audit:process type="Fedora API-M"/>
<audit:action>modifyDatastreamByReference</audit:action>
<audit:componentID>METADATA</audit:componentID>
<audit:responsibility>fedoraAdmin</audit:responsibility>
<audit:date>2017-09-06T11:37:43.700Z</audit:date>
<audit:justification>Added datastream METADATA</audit:justification>
</audit:record>
<audit:record ID="AUDREC52">
<audit:process type="Fedora API-M"/>
<audit:action>modifyDatastreamByReference</audit:action>
<audit:componentID>METADATA</audit:componentID>
<audit:responsibility>fedoraAdmin</audit:responsibility>
<audit:date>2017-09-06T11:38:18.320Z</audit:date>
<audit:justification>Added datastream METADATA</audit:justification>
</audit:record>
<audit:record ID="AUDREC53">
<audit:process type="Fedora API-M"/>
<audit:action>modifyDatastreamByReference</audit:action>
<audit:componentID>METADATA</audit:componentID>
<audit:responsibility>fedoraAdmin</audit:responsibility>
<audit:date>2017-09-06T11:40:50.804Z</audit:date>
<audit:justification>Added datastream METADATA</audit:justification>
</audit:record>
<audit:record ID="AUDREC54">
<audit:process type="Fedora API-M"/>
<audit:action>modifyDatastreamByReference</audit:action>
<audit:componentID>METADATA</audit:componentID>
<audit:responsibility>fedoraAdmin</audit:responsibility>
<audit:date>2017-09-06T11:41:28.176Z</audit:date>
<audit:justification>Added datastream METADATA</audit:justification>
</audit:record>
<audit:record ID="AUDREC55">
<audit:process type="Fedora API-M"/>
<audit:action>modifyDatastreamByReference</audit:action>
<audit:componentID>METADATA</audit:componentID>
<audit:responsibility>fedoraAdmin</audit:responsibility>
<audit:date>2017-10-31T12:02:31.812Z</audit:date>
<audit:justification>Added datastream METADATA</audit:justification>
</audit:record>
<audit:record ID="AUDREC56">
<audit:process type="Fedora API-M"/>
<audit:action>modifyDatastreamByReference</audit:action>
<audit:componentID>METADATA</audit:componentID>
<audit:responsibility>fedoraAdmin</audit:responsibility>
<audit:date>2017-11-07T11:52:50.336Z</audit:date>
<audit:justification>Added datastream METADATA</audit:justification>
</audit:record>
<audit:record ID="AUDREC57">
<audit:process type="Fedora API-M"/>
<audit:action>modifyDatastreamByReference</audit:action>
<audit:componentID>METADATA</audit:componentID>
<audit:responsibility>fedoraAdmin</audit:responsibility>
<audit:date>2017-11-07T11:54:11.588Z</audit:date>
<audit:justification>Added datastream METADATA</audit:justification>
</audit:record>
<audit:record ID="AUDREC58">
<audit:process type="Fedora API-M"/>
<audit:action>modifyDatastreamByReference</audit:action>
<audit:componentID>METADATA</audit:componentID>
<audit:responsibility>fedoraAdmin</audit:responsibility>
<audit:date>2017-11-14T14:51:34.180Z</audit:date>
<audit:justification>Added datastream METADATA</audit:justification>
</audit:record>
<audit:record ID="AUDREC59">
<audit:process type="Fedora API-M"/>
<audit:action>modifyDatastreamByReference</audit:action>
<audit:componentID>METADATA</audit:componentID>
<audit:responsibility>fedoraAdmin</audit:responsibility>
<audit:date>2017-11-14T14:51:43.228Z</audit:date>
<audit:justification>Added datastream METADATA</audit:justification>
</audit:record>
<audit:record ID="AUDREC60">
<audit:process type="Fedora API-M"/>
<audit:action>modifyDatastreamByReference</audit:action>
<audit:componentID>METADATA</audit:componentID>
<audit:responsibility>fedoraAdmin</audit:responsibility>
<audit:date>2017-11-17T12:30:16.540Z</audit:date>
<audit:justification>Added datastream METADATA</audit:justification>
</audit:record>
<audit:record ID="AUDREC61">
<audit:process type="Fedora API-M"/>
<audit:action>modifyDatastreamByReference</audit:action>
<audit:componentID>METADATA</audit:componentID>
<audit:responsibility>fedoraAdmin</audit:responsibility>
<audit:date>2017-11-17T12:45:43.516Z</audit:date>
<audit:justification>Added datastream METADATA</audit:justification>
</audit:record>
<audit:record ID="AUDREC62">
<audit:process type="Fedora API-M"/>
<audit:action>modifyDatastreamByReference</audit:action>
<audit:componentID>METADATA</audit:componentID>
<audit:responsibility>fedoraAdmin</audit:responsibility>
<audit:date>2017-11-17T12:47:07.704Z</audit:date>
<audit:justification>Added datastream METADATA</audit:justification>
</audit:record>
<audit:record ID="AUDREC63">
<audit:process type="Fedora API-M"/>
<audit:action>modifyDatastreamByReference</audit:action>
<audit:componentID>METADATA</audit:componentID>
<audit:responsibility>fedoraAdmin</audit:responsibility>
<audit:date>2017-11-17T14:22:08.796Z</audit:date>
<audit:justification>Added datastream METADATA</audit:justification>
</audit:record>
<audit:record ID="AUDREC64">
<audit:process type="Fedora API-M"/>
<audit:action>modifyDatastreamByReference</audit:action>
<audit:componentID>METADATA</audit:componentID>
<audit:responsibility>fedoraAdmin</audit:responsibility>
<audit:date>2017-12-05T12:11:20.224Z</audit:date>
<audit:justification>Added datastream METADATA</audit:justification>
</audit:record>
<audit:record ID="AUDREC65">
<audit:process type="Fedora API-M"/>
<audit:action>modifyDatastreamByReference</audit:action>
<audit:componentID>METADATA</audit:componentID>
<audit:responsibility>fedoraAdmin</audit:responsibility>
<audit:date>2017-12-05T12:13:28.060Z</audit:date>
<audit:justification>Added datastream METADATA</audit:justification>
</audit:record>
<audit:record ID="AUDREC66">
<audit:process type="Fedora API-M"/>
<audit:action>modifyDatastreamByReference</audit:action>
<audit:componentID>METADATA</audit:componentID>
<audit:responsibility>fedoraAdmin</audit:responsibility>
<audit:date>2017-12-05T12:15:19.132Z</audit:date>
<audit:justification>Added datastream METADATA</audit:justification>
</audit:record>
<audit:record ID="AUDREC67">
<audit:process type="Fedora API-M"/>
<audit:action>modifyDatastreamByReference</audit:action>
<audit:componentID>METADATA</audit:componentID>
<audit:responsibility>fedoraAdmin</audit:responsibility>
<audit:date>2017-12-14T16:12:35.772Z</audit:date>
<audit:justification>Added datastream METADATA</audit:justification>
</audit:record>
<audit:record ID="AUDREC68">
<audit:process type="Fedora API-M"/>
<audit:action>modifyDatastreamByReference</audit:action>
<audit:componentID>METADATA</audit:componentID>
<audit:responsibility>fedoraAdmin</audit:responsibility>
<audit:date>2018-01-23T15:11:42.049Z</audit:date>
<audit:justification>Added datastream METADATA</audit:justification>
</audit:record>
<audit:record ID="AUDREC69">
<audit:process type="Fedora API-M"/>
<audit:action>modifyDatastreamByReference</audit:action>
<audit:componentID>METADATA</audit:componentID>
<audit:responsibility>fedoraAdmin</audit:responsibility>
<audit:date>2018-01-31T13:38:28.497Z</audit:date>
<audit:justification>Added datastream METADATA</audit:justification>
</audit:record>
<audit:record ID="AUDREC70">
<audit:process type="Fedora API-M"/>
<audit:action>modifyDatastreamByReference</audit:action>
<audit:componentID>METADATA</audit:componentID>
<audit:responsibility>fedoraAdmin</audit:responsibility>
<audit:date>2018-02-05T10:34:16.425Z</audit:date>
<audit:justification>Added datastream METADATA</audit:justification>
</audit:record>
<audit:record ID="AUDREC71">
<audit:process type="Fedora API-M"/>
<audit:action>modifyDatastreamByReference</audit:action>
<audit:componentID>METADATA</audit:componentID>
<audit:responsibility>fedoraAdmin</audit:responsibility>
<audit:date>2018-02-05T10:34:42.545Z</audit:date>
<audit:justification>Added datastream METADATA</audit:justification>
</audit:record>
<audit:record ID="AUDREC72">
<audit:process type="Fedora API-M"/>
<audit:action>modifyDatastreamByReference</audit:action>
<audit:componentID>METADATA</audit:componentID>
<audit:responsibility>fedoraAdmin</audit:responsibility>
<audit:date>2018-02-05T11:50:58.621Z</audit:date>
<audit:justification>Added datastream METADATA</audit:justification>
</audit:record>
<audit:record ID="AUDREC73">
<audit:process type="Fedora API-M"/>
<audit:action>modifyDatastreamByReference</audit:action>
<audit:componentID>METADATA</audit:componentID>
<audit:responsibility>fedoraAdmin</audit:responsibility>
<audit:date>2018-02-08T10:05:52.177Z</audit:date>
<audit:justification>Added datastream METADATA</audit:justification>
</audit:record>
<audit:record ID="AUDREC74">
<audit:process type="Fedora API-M"/>
<audit:action>modifyDatastreamByReference</audit:action>
<audit:componentID>METADATA</audit:componentID>
<audit:responsibility>fedoraAdmin</audit:responsibility>
<audit:date>2018-02-08T10:15:39.697Z</audit:date>
<audit:justification>Added datastream METADATA</audit:justification>
</audit:record>
<audit:record ID="AUDREC75">
<audit:process type="Fedora API-M"/>
<audit:action>modifyDatastreamByReference</audit:action>
<audit:componentID>METADATA</audit:componentID>
<audit:responsibility>fedoraAdmin</audit:responsibility>
<audit:date>2018-02-08T10:16:19.649Z</audit:date>
<audit:justification>Added datastream METADATA</audit:justification>
</audit:record>
<audit:record ID="AUDREC76">
<audit:process type="Fedora API-M"/>
<audit:action>purgeDatastream</audit:action>
<audit:componentID>METADATA</audit:componentID>
<audit:responsibility>fedoraAdmin</audit:responsibility>
<audit:date>2018-02-13T13:04:11.529Z</audit:date>
<audit:justification>DatastreamPane generated this logMessage. . . . Purged datastream (ID=METADATA), versions ranging from 2016-09-02T12:59:47.420Z to 2018-02-08T11:15:39.697Z.  This resulted in the permanent removal of 73 datastream version(s) (2016-09-02T12:59:47.420Z, 2016-09-02T13:38:24.119Z, 2016-09-02T13:40:10.323Z, 2016-09-13T14:35:28.943Z, 2016-09-13T14:35:57.938Z, 2016-09-13T15:33:32.803Z, 2016-09-13T15:33:53.291Z, 2016-11-08T16:25:50.478Z, 2016-11-08T16:26:00.678Z, 2017-01-09T09:12:47.206Z, 2017-01-09T09:12:57.426Z, 2017-01-09T09:14:12.574Z, 2017-01-09T09:45:45.734Z, 2017-01-09T10:09:40.690Z, 2017-01-11T16:13:00.848Z, 2017-01-11T16:13:09.360Z, 2017-01-11T16:13:21.116Z, 2017-01-11T16:13:46.272Z, 2017-01-11T16:13:57.820Z, 2017-01-11T16:17:18.088Z, 2017-01-11T16:17:39.940Z, 2017-01-11T16:17:56.352Z, 2017-01-11T16:17:59.304Z, 2017-01-11T16:24:18.544Z, 2017-01-11T16:24:48.340Z, 2017-01-13T09:08:57.180Z, 2017-01-13T09:09:15.792Z, 2017-01-13T09:09:49.092Z, 2017-01-13T14:19:36.524Z, 2017-01-25T09:18:04.004Z, 2017-01-25T09:19:17.524Z, 2017-02-06T10:41:54.960Z, 2017-04-03T15:30:07.428Z, 2017-04-04T09:34:17.540Z, 2017-04-06T16:28:19.908Z, 2017-04-06T16:28:28.988Z, 2017-04-07T10:46:19.716Z, 2017-04-12T13:36:53.912Z, 2017-04-12T16:46:45.680Z, 2017-05-03T16:49:48.700Z, 2017-05-09T16:10:09.148Z, 2017-05-09T16:16:48.148Z, 2017-05-09T16:21:49.156Z, 2017-07-05T10:30:56.964Z, 2017-07-07T09:52:27.288Z, 2017-07-10T13:27:54.844Z, 2017-07-10T18:23:13.932Z, 2017-08-22T10:37:52.704Z, 2017-09-06T13:34:16.648Z, 2017-09-06T13:37:43.700Z, 2017-09-06T13:38:18.320Z, 2017-09-06T13:40:50.804Z, 2017-09-06T13:41:28.176Z, 2017-10-31T13:02:31.812Z, 2017-11-07T12:52:50.336Z, 2017-11-07T12:54:11.588Z, 2017-11-14T15:51:34.180Z, 2017-11-14T15:51:43.228Z, 2017-11-17T13:30:16.540Z, 2017-11-17T13:45:43.516Z, 2017-11-17T13:47:07.704Z, 2017-11-17T15:22:08.796Z, 2017-12-05T13:11:20.224Z, 2017-12-05T13:13:28.060Z, 2017-12-05T13:15:19.132Z, 2017-12-14T17:12:35.772Z, 2018-01-23T16:11:42.049Z, 2018-01-31T14:38:28.497Z, 2018-02-05T11:34:16.425Z, 2018-02-05T11:34:42.545Z, 2018-02-05T12:50:58.621Z, 2018-02-08T11:05:52.177Z, 2018-02-08T11:15:39.697Z) and all associated audit records.</audit:justification>
</audit:record>
<audit:record ID="AUDREC77">
<audit:process type="Fedora API-M"/>
<audit:action>ingest</audit:action>
<audit:componentID></audit:componentID>
<audit:responsibility>fedoraAdmin</audit:responsibility>
<audit:date>2018-02-13T13:18:13.758Z</audit:date>
<audit:justification>Ingested from local file import/authority-person_11685.zip</audit:justification>
</audit:record>
<audit:record ID="AUDREC78">
<audit:process type="Fedora API-M"/>
<audit:action>modifyDatastreamByReference</audit:action>
<audit:componentID>METADATA</audit:componentID>
<audit:responsibility>fedoraAdmin</audit:responsibility>
<audit:date>2018-02-13T13:24:13.655Z</audit:date>
<audit:justification></audit:justification>
</audit:record>
<audit:record ID="AUDREC79">
<audit:process type="Fedora API-M"/>
<audit:action>purgeDatastream</audit:action>
<audit:componentID>METADATA</audit:componentID>
<audit:responsibility>fedoraAdmin</audit:responsibility>
<audit:date>2018-02-13T13:24:20.094Z</audit:date>
<audit:justification>DatastreamPane generated this logMessage. . . . Purged datastream (ID=METADATA), versions ranging from 2018-02-08T11:16:19.649Z to 2018-02-08T11:16:19.649Z.  This resulted in the permanent removal of 1 datastream version(s) (2018-02-08T11:16:19.649Z) and all associated audit records.</audit:justification>
</audit:record>
</audit:auditTrail>
